Variable Name,Matlab Script,Repository Folder,Module
cont_eye_x_child,make_eye_xy,data-import,eye
cont_eye_y_child,make_eye_xy,data-import,eye
cont2_eye_xy_child,make_eye_xy,data-import,eye
cont_eye_x_parent,make_eye_xy,data-import,eye
cont_eye_y_parent,make_eye_xy,data-import,eye
cont2_eye_xy_parent,make_eye_xy,data-import,eye
cstream_eye_roi_child,make_eye_roi,data-import,eye
cstream_eye_roi_parent,make_eye_roi,data-import,eye
cevent_eye_roi_child,make_eye_roi,data-import,eye
cevent_eye_roi_parent,make_eye_roi,data-import,eye
cstream_eye_joint-state_both,make_eye_joint_state,data-import,eye
cevent_eye_joint-state_both,make_eye_joint_state,data-import,eye
cstream_inhand-eye_child-child,make_joint_eye_inhand,data-import,eye-inhand
cstream_inhand-eye_child-parent,make_joint_eye_inhand,data-import,eye-inhand
cstream_inhand-eye_parent-child,make_joint_eye_inhand,data-import,eye-inhand
cstream_inhand-eye_parent-parent,make_joint_eye_inhand,data-import,eye-inhand
cevent_inhand-eye_child-child,make_joint_eye_inhand,data-import,eye-inhand
cevent_inhand-eye_child-parent,make_joint_eye_inhand,data-import,eye-inhand
cevent_inhand-eye_parent-child,make_joint_eye_inhand,data-import,eye-inhand
cevent_inhand-eye_parent-parent,make_joint_eye_inhand,data-import,eye-inhand
cevent_eye_joint-attend_both,make_joint_attention,data-import,eye
cstream_eye_joint-attend_both,make_joint_attention,data-import,eye
cevent_eye_joint-attend_child-lead_both,make_joint_attention,data-import,eye
cstream_eye_joint-attend_child-lead_both,make_joint_attention,data-import,eye
cevent_eye_joint-attend_parent-lead_both,make_joint_attention,data-import,eye
cstream_eye_joint-attend_parent-lead_both,make_joint_attention,data-import,eye
cevent_eye_joint-attend_child-lead-moment_both,make_joint_attention_leading,data-import,eye
cevent_eye_joint-attend_parent-lead-moment_both,make_joint_attention_leading,data-import,eye
cstream_eye_joint-attend_child-lead-moment_both,make_joint_attention_leading,data-import,eye
cstream_eye_joint-attend_parent-lead-moment_both,make_joint_attention_leading,data-import,eye
cstream_eye_synched-attend_both,make_synched_attention,data-import,eye
cevent_eye_synched-attend_both,make_synched_attention,data-import,eye
cstream_inhand_obj1_child,main_make_inhand,data-import,inhand
cstream_inhand_obj2_child,main_make_inhand,data-import,inhand
cstream_inhand_obj3_child,main_make_inhand,data-import,inhand
cstream_inhand_obj1_parent,main_make_inhand,data-import,inhand
cstream_inhand_obj2_parent,main_make_inhand,data-import,inhand
cstream_inhand_obj3_parent,main_make_inhand,data-import,inhand
cstream_inhand_left-hand_obj-all_child,main_make_inhand,data-import,inhand
cstream_inhand_right-hand_obj-all_child,main_make_inhand,data-import,inhand
cstream_inhand_left-hand_obj-all_parent,main_make_inhand,data-import,inhand
cstream_inhand_right-hand_obj-all_parent,main_make_inhand,data-import,inhand
cevent_inhand_child,main_make_inhand,data-import,inhand
cevent_inhand_parent,main_make_inhand,data-import,inhand
cstream_inhand_both-hand_child,make_both_inhand,data-import,inhand
cevent_inhand_both-hand_child,make_both_inhand,data-import,inhand
cevent_inhand_single-hand_child,make_both_inhand,data-import,inhand
cstream_inhand_both-hand_parent,make_both_inhand,data-import,inhand
cevent_inhand_both-hand_parent,make_both_inhand,data-import,inhand
cevent_inhand_single-hand_parent,make_both_inhand,data-import,inhand
event_motion_pos_left-hand_active_child,make_inhand_activity,data-import,motion
event_motion_pos_right-hand_active_child,make_inhand_activity,data-import,motion
event_motion_pos_left-hand_active_parent,make_inhand_activity,data-import,motion
event_motion_pos_right-hand_active_parent,make_inhand_activity,data-import,motion
event_motion_pos_left-hand_passive_child,make_inhand_activity,data-import,motion
event_motion_pos_right-hand_passive_child,make_inhand_activity,data-import,motion
event_motion_pos_left-hand_passive_parent,make_inhand_activity,data-import,motion
event_motion_pos_right-hand_passive_parent,make_inhand_activity,data-import,motion
event_motion_pos_left-hand_resting_child,make_inhand_activity,data-import,motion
event_motion_pos_right-hand_resting_child,make_inhand_activity,data-import,motion
event_motion_pos_left-hand_resting_parent,make_inhand_activity,data-import,motion
event_motion_pos_right-hand_resting_parent,make_inhand_activity,data-import,motion
cstream_motion-inhand_left-hand_all_child,make_inhand_activity,data-import,inhand-motion
cstream_motion-inhand_right-hand_all_child,make_inhand_activity,data-import,inhand-motion
cstream_motion-inhand_left-hand_all_parent,make_inhand_activity,data-import,inhand-motion
cstream_motion-inhand_right-hand_all_parent,make_inhand_activity,data-import,inhand-motion
cstream_motion-inhand_left-hand_active_child,make_inhand_activity,data-import,inhand-motion
cstream_motion-inhand_right-hand_active_child,make_inhand_activity,data-import,inhand-motion
cstream_motion-inhand_left-hand_active_parent,make_inhand_activity,data-import,inhand-motion
cstream_motion-inhand_right-hand_active_parent,make_inhand_activity,data-import,inhand-motion
cstream_motion-inhand_left-hand_passive_child,make_inhand_activity,data-import,inhand-motion
cstream_motion-inhand_right-hand_passive_child,make_inhand_activity,data-import,inhand-motion
cstream_motion-inhand_left-hand_passive_parent,make_inhand_activity,data-import,inhand-motion
cstream_motion-inhand_right-hand_passive_parent,make_inhand_activity,data-import,inhand-motion
cstream_motion-inhand_left-hand_resting_child,make_inhand_activity,data-import,inhand-motion
cstream_motion-inhand_right-hand_resting_child,make_inhand_activity,data-import,inhand-motion
cstream_motion-inhand_left-hand_resting_parent,make_inhand_activity,data-import,inhand-motion
cstream_motion-inhand_right-hand_resting_parent,make_inhand_activity,data-import,inhand-motion
cstream_motion-inhand_either-hand_all_child,make_inhand_activity,data-import,inhand-motion
cstream_motion-inhand_either-hand_all_parent,make_inhand_activity,data-import,inhand-motion
cevent_motion-inhand_either-hand_all_child,make_inhand_activity,data-import,inhand-motion
cevent_motion-inhand_either-hand_all_parent,make_inhand_activity,data-import,inhand-motion
cevent_motion-inhand_either-hand_active_child,make_inhand_activity,data-import,inhand-motion
cevent_motion-inhand_either-hand_active_parent,make_inhand_activity,data-import,inhand-motion
cstream_motion-inhand_either-hand_active_child,make_inhand_activity,data-import,inhand-motion
cstream_motion-inhand_either-hand_active_parent,make_inhand_activity,data-import,inhand-motion
cstream_inhand_joint-state_both,make_inhand_joint_state,data-import,inhand
cevent_inhand_joint-state_both,make_inhand_joint_state,data-import,inhand
cevent_inhand_child-only_child,make_inhand_joint_state_holding,data-import,inhand
cevent_inhand_parent-only_parent,make_inhand_joint_state_holding,data-import,inhand
cevent_inhand_both-holding_child,make_inhand_joint_state_holding,data-import,inhand
cevent_inhand_both-holding_parent,make_inhand_joint_state_holding,data-import,inhand
cstream_inhand_num-of-objects_child,make_inhand_number_of_objects,data-import,inhand
cstream_inhand_num-of-objects_parent,make_inhand_number_of_objects,data-import,inhand
cstream_inhand_joint-holding_both,make_joint_inhand_both,data-import,inhand
cevent_inhand_joint-holding_both,make_joint_inhand_both,data-import,inhand
cont_vision_min-dist_obj1_child,main_object_position,data-import,vision
cont_vision_min-dist_obj2_child,main_object_position,data-import,vision
cont_vision_min-dist_obj3_child,main_object_position,data-import,vision
cont_vision_min-dist_obj1_parent,main_object_position,data-import,vision
cont_vision_min-dist_obj2_parent,main_object_position,data-import,vision
cont_vision_min-dist_obj3_parent,main_object_position,data-import,vision
cont_vision_I-#pixel_hands_child,main_saliency_object,data-import,vision
cont_vision_M-#pixel_hands_child,main_saliency_object,data-import,vision
cont_vision_O-#pixel_hands_child,main_saliency_object,data-import,vision
cont_vision_I-#pixel_obj1_child,main_saliency_object,data-import,vision
cont_vision_M-#pixel_obj1_child,main_saliency_object,data-import,vision
cont_vision_O-#pixel_obj1_child,main_saliency_object,data-import,vision
cont_vision_I-#pixel_obj2_child,main_saliency_object,data-import,vision
cont_vision_M-#pixel_obj2_child,main_saliency_object,data-import,vision
cont_vision_O-#pixel_obj2_child,main_saliency_object,data-import,vision
cont_vision_I-#pixel_obj3_child,main_saliency_object,data-import,vision
cont_vision_M-#pixel_obj3_child,main_saliency_object,data-import,vision
cont_vision_O-#pixel_obj3_child,main_saliency_object,data-import,vision
cont_vision_I-#pixel_all_child,main_saliency_object,data-import,vision
cont_vision_M-#pixel_all_child,main_saliency_object,data-import,vision
cont_vision_O-#pixel_all_child,main_saliency_object,data-import,vision
cont_vision_I-#pixel_all-obj_child,main_saliency_object,data-import,vision
cont_vision_M-#pixel_all-obj_child,main_saliency_object,data-import,vision
cont_vision_O-#pixel_all-obj_child,main_saliency_object,data-import,vision
cont_vision_I-#pixel_hands_parent,main_saliency_object,data-import,vision
cont_vision_M-#pixel_hands_parent,main_saliency_object,data-import,vision
cont_vision_O-#pixel_hands_parent,main_saliency_object,data-import,vision
cont_vision_I-#pixel_obj1_parent,main_saliency_object,data-import,vision
cont_vision_M-#pixel_obj1_parent,main_saliency_object,data-import,vision
cont_vision_O-#pixel_obj1_parent,main_saliency_object,data-import,vision
cont_vision_I-#pixel_obj2_parent,main_saliency_object,data-import,vision
cont_vision_M-#pixel_obj2_parent,main_saliency_object,data-import,vision
cont_vision_O-#pixel_obj2_parent,main_saliency_object,data-import,vision
cont_vision_I-#pixel_obj3_parent,main_saliency_object,data-import,vision
cont_vision_M-#pixel_obj3_parent,main_saliency_object,data-import,vision
cont_vision_O-#pixel_obj3_parent,main_saliency_object,data-import,vision
cont_vision_I-#pixel_all_parent,main_saliency_object,data-import,vision
cont_vision_M-#pixel_all_parent,main_saliency_object,data-import,vision
cont_vision_O-#pixel_all_parent,main_saliency_object,data-import,vision
cont_vision_I-#pixel_all-obj_parent,main_saliency_object,data-import,vision
cont_vision_M-#pixel_all-obj_parent,main_saliency_object,data-import,vision
cont_vision_O-#pixel_all-obj_parent,main_saliency_object,data-import,vision
cont_vision_min-dist_obj-big_child,create_dom_object_position,data-import,vision
cont_vision_min-dist_obj-dominant_child,create_dom_object_position,data-import,vision
cont_vision_min-dist_obj-big-2x_child,create_dom_object_position,data-import,vision
cont_vision_min-dist_obj-dominant-2x_child,create_dom_object_position,data-import,vision
cont_vision_min-dist_obj-big_parent,create_dom_object_position,data-import,vision
cont_vision_min-dist_obj-dominant_parent,create_dom_object_position,data-import,vision
cont_vision_min-dist_obj-big-2x_parent,create_dom_object_position,data-import,vision
cont_vision_min-dist_obj-dominant-2x_parent,create_dom_object_position,data-import,vision
cevent_vision_size_obj-dominant-2x_child,create_dom_vars,data-import,vision
cstream_vision_size_obj-dominant-2x_child,create_dom_vars,data-import,vision
cevent_vision_size_obj-dominant_child,create_dom_vars,data-import,vision
cstream_vision_size_obj-dominant_child,create_dom_vars,data-import,vision
cevent_vision_size_obj-big-2x_child,create_dom_vars,data-import,vision
cstream_vision_size_obj-big-2x_child,create_dom_vars,data-import,vision
cevent_vision_size_obj-big_child,create_dom_vars,data-import,vision
cstream_vision_size_obj-big_child,create_dom_vars,data-import,vision
cevent_vision_size_obj-dominant-2x_parent,create_dom_vars,data-import,vision
cstream_vision_size_obj-dominant-2x_parent,create_dom_vars,data-import,vision
cevent_vision_size_obj-dominant_parent,create_dom_vars,data-import,vision
cstream_vision_size_obj-dominant_parent,create_dom_vars,data-import,vision
cevent_vision_size_obj-big-2x_parent,create_dom_vars,data-import,vision
cstream_vision_size_obj-big-2x_parent,create_dom_vars,data-import,vision
cevent_vision_size_obj-big_parent,create_dom_vars,data-import,vision
cstream_vision_size_obj-big_parent,create_dom_vars,data-import,vision
cont_eye_dist-to-center_child,make_gaze_to_center,data-import,eye
cont_eye_dist-to-center_parent,make_gaze_to_center,data-import,eye
cstream_vision_size_obj-largest_child,make_select_one_from_many,data-import,vision
cstream_vision_min-dist_obj-closest_child,make_select_one_from_many,data-import,vision
cstream_vision_M_obj-salienest_child,make_select_one_from_many,data-import,vision
cstream_vision_dyn_obj-dyn-most_child,make_select_one_from_many,data-import,vision
cstream_vision_size_obj-largest_parent,make_select_one_from_many,data-import,vision
cstream_vision_min-dist_obj-closest_parent,make_select_one_from_many,data-import,vision
cstream_vision_M_obj-salienest_parent,make_select_one_from_many,data-import,vision
cstream_vision_dyn_obj-dyn-most_parent,make_select_one_from_many,data-import,vision
cevent_vision-inhand_obj-big-child-held_child,make_vision_inhand_big_held,data-import,inhand-vision
cstream_vision-inhand_obj-big-child-held_child,make_vision_inhand_big_held,data-import,inhand-vision
cevent_vision-inhand_obj-big-parent-held_child,make_vision_inhand_big_held,data-import,inhand-vision
cstream_vision-inhand_obj-big-parent-held_child,make_vision_inhand_big_held,data-import,inhand-vision
cevent_vision-inhand_obj-dominant-child-held_child,make_vision_inhand_big_held,data-import,inhand-vision
cstream_vision-inhand_obj-dominant-child-held_child,make_vision_inhand_big_held,data-import,inhand-vision
cevent_vision-inhand_obj-dominant-parent-held_child,make_vision_inhand_big_held,data-import,inhand-vision
cstream_vision-inhand_obj-dominant-parent-held_child,make_vision_inhand_big_held,data-import,inhand-vision
cstream_vision_joint-obj-size_both,make_vision_joint_obj_size_dist,data-import,vision
cstream_vision_joint-obj-dist_both,make_vision_joint_obj_size_dist,data-import,vision
cont_vision_size_obj1_child,main_create_vision_eye_vars_3,data-import,vision
cont_vision_size_obj2_child,main_create_vision_eye_vars_3,data-import,vision
cont_vision_size_obj3_child,main_create_vision_eye_vars_3,data-import,vision
cont_vision_dyn_obj1_child,main_create_vision_eye_vars_3,data-import,vision
cont_vision_dyn_obj2_child,main_create_vision_eye_vars_3,data-import,vision
cont_vision_dyn_obj3_child,main_create_vision_eye_vars_3,data-import,vision
cont_vision_mean-dist_center-to-obj1_child,main_create_vision_eye_vars_3,data-import,vision
cont_vision_mean-dist_center-to-obj2_child,main_create_vision_eye_vars_3,data-import,vision
cont_vision_mean-dist_center-to-obj3_child,main_create_vision_eye_vars_3,data-import,vision
cont_vision_mean-dist_center-to-all_child,main_create_vision_eye_vars_3,data-import,vision
cont_vision_min-dist_center-to-obj1_child,main_create_vision_eye_vars_3,data-import,vision
cont_vision_min-dist_center-to-obj2_child,main_create_vision_eye_vars_3,data-import,vision
cont_vision_min-dist_center-to-obj3_child,main_create_vision_eye_vars_3,data-import,vision
cont_vision_min-dist_center-to-all_child,main_create_vision_eye_vars_3,data-import,vision
cont2_vision_location_obj1_child,main_create_vision_eye_vars_3,data-import,vision
cont2_vision_location_obj2_child,main_create_vision_eye_vars_3,data-import,vision
cont2_vision_location_obj3_child,main_create_vision_eye_vars_3,data-import,vision
cont_eye-vision_mean-dist_gaze-to-obj1_child,main_create_vision_eye_vars_3,data-import,eye-vision
cont_eye-vision_mean-dist_gaze-to-obj2_child,main_create_vision_eye_vars_3,data-import,eye-vision
cont_eye-vision_mean-dist_gaze-to-obj3_child,main_create_vision_eye_vars_3,data-import,eye-vision
cont_eye-vision_mean-dist_gaze-to-all_child,main_create_vision_eye_vars_3,data-import,eye-vision
cont_eye-vision_min-dist_gaze-to-obj1_child,main_create_vision_eye_vars_3,data-import,eye-vision
cont_eye-vision_min-dist_gaze-to-obj2_child,main_create_vision_eye_vars_3,data-import,eye-vision
cont_eye-vision_min-dist_gaze-to-obj3_child,main_create_vision_eye_vars_3,data-import,eye-vision
cont_eye-vision_min-dist_gaze-to-all_child,main_create_vision_eye_vars_3,data-import,eye-vision
cont_vision_size_obj1_parent,main_create_vision_eye_vars_3,data-import,vision
cont_vision_size_obj2_parent,main_create_vision_eye_vars_3,data-import,vision
cont_vision_size_obj3_parent,main_create_vision_eye_vars_3,data-import,vision
cont_vision_dyn_obj1_parent,main_create_vision_eye_vars_3,data-import,vision
cont_vision_dyn_obj2_parent,main_create_vision_eye_vars_3,data-import,vision
cont_vision_dyn_obj3_parent,main_create_vision_eye_vars_3,data-import,vision
cont_vision_mean-dist_center-to-obj1_parent,main_create_vision_eye_vars_3,data-import,vision
cont_vision_mean-dist_center-to-obj2_parent,main_create_vision_eye_vars_3,data-import,vision
cont_vision_mean-dist_center-to-obj3_parent,main_create_vision_eye_vars_3,data-import,vision
cont_vision_mean-dist_center-to-all_parent,main_create_vision_eye_vars_3,data-import,vision
cont_vision_min-dist_center-to-obj1_parent,main_create_vision_eye_vars_3,data-import,vision
cont_vision_min-dist_center-to-obj2_parent,main_create_vision_eye_vars_3,data-import,vision
cont_vision_min-dist_center-to-obj3_parent,main_create_vision_eye_vars_3,data-import,vision
cont_vision_min-dist_center-to-all_parent,main_create_vision_eye_vars_3,data-import,vision
cont2_vision_location_obj1_parent,main_create_vision_eye_vars_3,data-import,vision
cont2_vision_location_obj2_parent,main_create_vision_eye_vars_3,data-import,vision
cont2_vision_location_obj3_parent,main_create_vision_eye_vars_3,data-import,vision
cont_eye-vision_mean-dist_gaze-to-obj1_parent,main_create_vision_eye_vars_3,data-import,eye-vision
cont_eye-vision_mean-dist_gaze-to-obj2_parent,main_create_vision_eye_vars_3,data-import,eye-vision
cont_eye-vision_mean-dist_gaze-to-obj3_parent,main_create_vision_eye_vars_3,data-import,eye-vision
cont_eye-vision_mean-dist_gaze-to-all_parent,main_create_vision_eye_vars_3,data-import,eye-vision
cont_eye-vision_min-dist_gaze-to-obj1_parent,main_create_vision_eye_vars_3,data-import,eye-vision
cont_eye-vision_min-dist_gaze-to-obj2_parent,main_create_vision_eye_vars_3,data-import,eye-vision
cont_eye-vision_min-dist_gaze-to-obj3_parent,main_create_vision_eye_vars_3,data-import,eye-vision
cont_eye-vision_min-dist_gaze-to-all_parent,main_create_vision_eye_vars_3,data-import,eye-vision
cont_vision_size_obj4_child,main_create_vision_eye_vars_5,data-import,vision
cont_vision_size_obj5_child,main_create_vision_eye_vars_5,data-import,vision
cont_vision_dyn_obj4_child,main_create_vision_eye_vars_5,data-import,vision
cont_vision_dyn_obj5_child,main_create_vision_eye_vars_5,data-import,vision
cont_vision_mean-dist_center-to-obj4_child,main_create_vision_eye_vars_5,data-import,vision
cont_vision_mean-dist_center-to-obj5_child,main_create_vision_eye_vars_5,data-import,vision
cont_vision_min-dist_center-to-obj4_child,main_create_vision_eye_vars_5,data-import,vision
cont_vision_min-dist_center-to-obj5_child,main_create_vision_eye_vars_5,data-import,vision
cont2_vision_location_obj4_child,main_create_vision_eye_vars_5,data-import,vision
cont2_vision_location_obj5_child,main_create_vision_eye_vars_5,data-import,vision
cont_eye-vision_mean-dist_gaze-to-obj4_child,main_create_vision_eye_vars_5,data-import,eye-vision
cont_eye-vision_mean-dist_gaze-to-obj5_child,main_create_vision_eye_vars_5,data-import,eye-vision
cont_eye-vision_min-dist_gaze-to-obj4_child,main_create_vision_eye_vars_5,data-import,eye-vision
cont_eye-vision_min-dist_gaze-to-obj5_child,main_create_vision_eye_vars_5,data-import,eye-vision
cont_vision_size_obj4_parent,main_create_vision_eye_vars_5,data-import,vision
cont_vision_size_obj5_parent,main_create_vision_eye_vars_5,data-import,vision
cont_vision_dyn_obj4_parent,main_create_vision_eye_vars_5,data-import,vision
cont_vision_dyn_obj5_parent,main_create_vision_eye_vars_5,data-import,vision
cont_vision_mean-dist_center-to-obj4_parent,main_create_vision_eye_vars_5,data-import,vision
cont_vision_mean-dist_center-to-obj5_parent,main_create_vision_eye_vars_5,data-import,vision
cont_vision_min-dist_center-to-obj4_parent,main_create_vision_eye_vars_5,data-import,vision
cont_vision_min-dist_center-to-obj5_parent,main_create_vision_eye_vars_5,data-import,vision
cont2_vision_location_obj4_parent,main_create_vision_eye_vars_5,data-import,vision
cont2_vision_location_obj5_parent,main_create_vision_eye_vars_5,data-import,vision
cont_eye-vision_mean-dist_gaze-to-obj4_parent,main_create_vision_eye_vars_5,data-import,eye-vision
cont_eye-vision_mean-dist_gaze-to-obj5_parent,main_create_vision_eye_vars_5,data-import,eye-vision
cont_eye-vision_min-dist_gaze-to-obj4_parent,main_create_vision_eye_vars_5,data-import,eye-vision
cont_eye-vision_min-dist_gaze-to-obj5_parent,main_create_vision_eye_vars_5,data-import,eye-vision
cevent_speech_naming,import_speech,data-import,speech
speech_trans,import_speech,data-import,speech
cevent_speech_naming_local-id,import_speech_toy,data-import,speech
speech_trans,import_speech_toy,data-import,speech
cevent_speech_utterance,import_speech_toy,data-import,speech
cevent_speech_utterance,make_speech_utterance,data-import,speech
cstream_speech_utterance,make_speech_utterance,data-import,speech
cevent_speech_naming_local-id,make_naming_local_id,data-import,speech
cevent_speech_naming_learn-score-0_parent,make_cevent_naming_learn_score,data-import,speech
cevent_speech_naming_learn-score-1_parent,make_cevent_naming_learn_score,data-import,speech
cevent_speech_naming_learn-score-2_parent,make_cevent_naming_learn_score,data-import,speech
cevent_naming_learned,make_cevent_naming_learned,data-import,speech
cevent_speech_naming_test-score,make_cevent_naming_score,data-import,speech
cevent_speech_naming_test-score,generate_learning_score_variables,data-import,speech
cevent_speech_naming_learn-score-0_parent,generate_learning_score_variables,data-import,speech
cevent_speech_naming_learn-score-1_parent,generate_learning_score_variables,data-import,speech
cevent_speech_naming_learn-score-2_parent,generate_learning_score_variables,data-import,speech
event_motion_pos_head_big-moving_child,run_big_moving_event_detection,data-import,motion
event_motion_pos_left-hand_big-moving_child,run_big_moving_event_detection,data-import,motion
event_motion_pos_right-hand_big-moving_child,run_big_moving_event_detection,data-import,motion
event_motion_pos_head_big-moving_parent,run_big_moving_event_detection,data-import,motion
event_motion_pos_left-hand_big-moving_parent,run_big_moving_event_detection,data-import,motion
event_motion_pos_right-hand_big-moving_parent,run_big_moving_event_detection,data-import,motion
event_motion_rot_head_big-moving_child,run_big_moving_event_detection,data-import,motion
event_motion_rot_left-hand_big-moving_child,run_big_moving_event_detection,data-import,motion
event_motion_rot_right-hand_big-moving_child,run_big_moving_event_detection,data-import,motion
event_motion_rot_head_big-moving_parent,run_big_moving_event_detection,data-import,motion
event_motion_rot_left-hand_big-moving_parent,run_big_moving_event_detection,data-import,motion
event_motion_rot_right-hand_big-moving_parent,run_big_moving_event_detection,data-import,motion
event_motion_pos_head_moving_child,run_moving_event_detection,data-import,motion
event_motion_pos_left-hand_moving_child,run_moving_event_detection,data-import,motion
event_motion_pos_right-hand_moving_child,run_moving_event_detection,data-import,motion
event_motion_pos_head_moving_parent,run_moving_event_detection,data-import,motion
event_motion_pos_left-hand_moving_parent,run_moving_event_detection,data-import,motion
event_motion_pos_right-hand_moving_parent,run_moving_event_detection,data-import,motion
event_motion_rot_head_moving_child,run_moving_event_detection,data-import,motion
event_motion_rot_left-hand_moving_child,run_moving_event_detection,data-import,motion
event_motion_rot_right-hand_moving_child,run_moving_event_detection,data-import,motion
event_motion_rot_head_moving_parent,run_moving_event_detection,data-import,motion
event_motion_rot_left-hand_moving_parent,run_moving_event_detection,data-import,motion
event_motion_rot_right-hand_moving_parent,run_moving_event_detection,data-import,motion
cont_motion_pos-speed_head_child,run_position_speed,data-import,motion
cont_motion_pos-speed_left-hand_child,run_position_speed,data-import,motion
cont_motion_pos-speed_right-hand_child,run_position_speed,data-import,motion
cont_motion_pos-speed_head_parent,run_position_speed,data-import,motion
cont_motion_pos-speed_left-hand_parent,run_position_speed,data-import,motion
cont_motion_pos-speed_right-hand_parent,run_position_speed,data-import,motion
cont_motion_pos-speed_object,run_position_speed,data-import,motion
cont_motion_rot-speed_head_child,run_position_speed,data-import,motion
cont_motion_rot-speed_left-hand_child,run_position_speed,data-import,motion
cont_motion_rot-speed_right-hand_child,run_position_speed,data-import,motion
cont_motion_rot-speed_head_parent,run_position_speed,data-import,motion
cont_motion_rot-speed_left-hand_parent,run_position_speed,data-import,motion
cont_motion_rot-speed_right-hand_parent,run_position_speed,data-import,motion
cont_motion_rot-speed_object,run_position_speed,data-import,motion
cont_motion_x_head_child,run_position_speed,data-import,motion
cont_motion_x_left-hand_child,run_position_speed,data-import,motion
cont_motion_x_right-hand_child,run_position_speed,data-import,motion
cont_motion_x_head_parent,run_position_speed,data-import,motion
cont_motion_x_left-hand_parent,run_position_speed,data-import,motion
cont_motion_x_right-hand_parent,run_position_speed,data-import,motion
cont_motion_x_object,run_position_speed,data-import,motion
cont_motion_y_head_child,run_position_speed,data-import,motion
cont_motion_y_left-hand_child,run_position_speed,data-import,motion
cont_motion_y_right-hand_child,run_position_speed,data-import,motion
cont_motion_y_head_parent,run_position_speed,data-import,motion
cont_motion_y_left-hand_parent,run_position_speed,data-import,motion
cont_motion_y_right-hand_parent,run_position_speed,data-import,motion
cont_motion_y_object,run_position_speed,data-import,motion
cont_motion_z_head_child,run_position_speed,data-import,motion
cont_motion_z_left-hand_child,run_position_speed,data-import,motion
cont_motion_z_right-hand_child,run_position_speed,data-import,motion
cont_motion_z_head_parent,run_position_speed,data-import,motion
cont_motion_z_left-hand_parent,run_position_speed,data-import,motion
cont_motion_z_right-hand_parent,run_position_speed,data-import,motion
cont_motion_z_object,run_position_speed,data-import,motion
cont3_motion_pos_head_child,run_position_speed,data-import,motion
cont3_motion_pos_left-hand_child,run_position_speed,data-import,motion
cont3_motion_pos_right-hand_child,run_position_speed,data-import,motion
cont3_motion_pos_head_parent,run_position_speed,data-import,motion
cont3_motion_pos_left-hand_parent,run_position_speed,data-import,motion
cont3_motion_pos_right-hand_parent,run_position_speed,data-import,motion
cont3_motion_pos_object,run_position_speed,data-import,motion
cont_motion_h_head_child,run_position_speed,data-import,motion
cont_motion_h_left-hand_child,run_position_speed,data-import,motion
cont_motion_h_right-hand_child,run_position_speed,data-import,motion
cont_motion_h_head_parent,run_position_speed,data-import,motion
cont_motion_h_left-hand_parent,run_position_speed,data-import,motion
cont_motion_h_right-hand_parent,run_position_speed,data-import,motion
cont_motion_h_object,run_position_speed,data-import,motion
cont_motion_p_head_child,run_position_speed,data-import,motion
cont_motion_p_left-hand_child,run_position_speed,data-import,motion
cont_motion_p_right-hand_child,run_position_speed,data-import,motion
cont_motion_p_head_parent,run_position_speed,data-import,motion
cont_motion_p_left-hand_parent,run_position_speed,data-import,motion
cont_motion_p_right-hand_parent,run_position_speed,data-import,motion
cont_motion_p_object,run_position_speed,data-import,motion
cont_motion_r_head_child,run_position_speed,data-import,motion
cont_motion_r_left-hand_child,run_position_speed,data-import,motion
cont_motion_r_right-hand_child,run_position_speed,data-import,motion
cont_motion_r_head_parent,run_position_speed,data-import,motion
cont_motion_r_left-hand_parent,run_position_speed,data-import,motion
cont_motion_r_right-hand_parent,run_position_speed,data-import,motion
cont_motion_r_object,run_position_speed,data-import,motion
cont3_motion_rot_head_child,run_position_speed,data-import,motion
cont3_motion_rot_left-hand_child,run_position_speed,data-import,motion
cont3_motion_rot_right-hand_child,run_position_speed,data-import,motion
cont3_motion_rot_head_parent,run_position_speed,data-import,motion
cont3_motion_rot_left-hand_parent,run_position_speed,data-import,motion
cont3_motion_rot_right-hand_parent,run_position_speed,data-import,motion
cont3_motion_rot_object,run_position_speed,data-import,motion
cstream_macro_direct_action-bid_obj-all_parent,combine_macro_action_bid,data-import,macro
cevent_macro_direct_action-bid_obj-all_parent,combine_macro_action_bid,data-import,macro
cevent_macro_action-response_all_parent,import_macro_action_response_coding,data-import,macro
cevent_macro_action-response_all_child,import_macro_action_response_coding,data-import,macro
cstream_macro_action-response_bids_child,import_macro_action_response_coding,data-import,macro
cstream_macro_action-response_vocal_child,import_macro_action_response_coding,data-import,macro
cstream_macro_action-response_state_child,import_macro_action_response_coding,data-import,macro
cevent_macro_response_parent,import_macro_responsiveness_coding,data-import,macro
cevent_speech_speech-type_parent,import_macro_speech_coding,data-import,speech
cevent_speech_naming-type_parent,import_macro_speech_coding,data-import,speech
cstream_inmouth_obj-all_child,make_inmouth_vars,data-import,inmouth
cevent_inmouth_obj-all_child,make_inmouth_vars,data-import,inmouth
cstream_inmouth_other-all_child,make_inmouth_vars,data-import,inmouth
cevent_inmouth_other-all_child,make_inmouth_vars,data-import,inmouth
cstream_inmouth_all_child,make_inmouth_vars,data-import,inmouth
cevent_inmouth_all_child,make_inmouth_vars,data-import,inmouth
event_trials,make_trials_vars,data-import,trial
cevent_trials,make_trials_vars,data-import,trial
cstream_trials,make_trials_vars,data-import,trial
cont_audio_file,make_audio_mat,data-import,audio
cevent_vision_size_obj-dominant_sustained-1s_child,master_make_sustained,data-import,vision
cevent_vision_size_obj-dominant_sustained-3s_child,master_make_sustained,data-import,vision
cevent_inhand-eye_sustained-1s_child-child,master_make_sustained,data-import,eye-inhand
cevent_inhand-eye_sustained-1s_child-parent,master_make_sustained,data-import,eye-inhand
cevent_inhand-eye_sustained-1s_parent-child,master_make_sustained,data-import,eye-inhand
cevent_inhand-eye_sustained-1s_parent-parent,master_make_sustained,data-import,eye-inhand
cevent_inhand-eye_sustained-3s_child-child,master_make_sustained,data-import,eye-inhand
cevent_inhand-eye_sustained-3s_child-parent,master_make_sustained,data-import,eye-inhand
cevent_inhand-eye_sustained-3s_parent-child,master_make_sustained,data-import,eye-inhand
cevent_inhand-eye_sustained-3s_parent-parent,master_make_sustained,data-import,eye-inhand
cevent_vision_size_obj-big_sustained-1s_child,master_make_sustained,data-import,vision
cevent_vision_size_obj-big_sustained-3s_child,master_make_sustained,data-import,vision
cevent_eye_roi_sustained-3s_child,master_make_sustained,data-import,eye
cevent_eye_roi_sustained-1s_child,master_make_sustained,data-import,eye
cevent_eye_roi_sustained-3s_parent,master_make_sustained,data-import,eye
cevent_eye_roi_sustained-1s_parent,master_make_sustained,data-import,eye
cstream_vision_size_obj-dominant_sustained-1s_child,master_make_sustained,data-import,vision
cstream_vision_size_obj-dominant_sustained-3s_child,master_make_sustained,data-import,vision
cstream_inhand-eye_sustained-1s_child-child,master_make_sustained,data-import,eye-inhand
cstream_inhand-eye_sustained-1s_child-parent,master_make_sustained,data-import,eye-inhand
cstream_inhand-eye_sustained-1s_parent-child,master_make_sustained,data-import,eye-inhand
cstream_inhand-eye_sustained-1s_parent-parent,master_make_sustained,data-import,eye-inhand
cstream_inhand-eye_sustained-3s_child-child,master_make_sustained,data-import,eye-inhand
cstream_inhand-eye_sustained-3s_child-parent,master_make_sustained,data-import,eye-inhand
cstream_inhand-eye_sustained-3s_parent-child,master_make_sustained,data-import,eye-inhand
cstream_inhand-eye_sustained-3s_parent-parent,master_make_sustained,data-import,eye-inhand
cstream_vision_size_obj-big_sustained-1s_child,master_make_sustained,data-import,vision
cstream_vision_size_obj-big_sustained-3s_child,master_make_sustained,data-import,vision
cstream_eye_roi_sustained-3s_child,master_make_sustained,data-import,eye
cstream_eye_roi_sustained-1s_child,master_make_sustained,data-import,eye
cstream_eye_roi_sustained-3s_parent,master_make_sustained,data-import,eye
cstream_eye_roi_sustained-1s_parent,master_make_sustained,data-import,eye
